1,/home/pi/Desktop/faceattendance/images_attendance/user_1/20250505_221031_694833.jpg
1,/home/pi/Desktop/faceattendance/images_attendance/user_1/20250505_221031_670278.jpg
1,/home/pi/Desktop/faceattendance/images_attendance/user_1/20250505_221031_685994.jpg
1,/home/pi/Desktop/faceattendance/images_attendance/user_1/20250505_221031_679654.jpg
1,/home/pi/Desktop/faceattendance/images_attendance/user_1/20250505_221031_673571.jpg
1,/home/pi/Desktop/faceattendance/images_attendance/user_1/20250505_221031_689648.jpg
1,/home/pi/Desktop/faceattendance/images_attendance/user_1/20250505_221031_704847.jpg
1,/home/pi/Desktop/faceattendance/images_attendance/user_1/20250505_221031_700892.jpg
1,/home/pi/Desktop/faceattendance/images_attendance/user_1/20250505_221031_676480.jpg
1,/home/pi/Desktop/faceattendance/images_attendance/user_1/20250505_221031_682422.jpg
2,/home/pi/Desktop/faceattendance/images_attendance/user_2/7bd4d600-3be4-4935-b9f1-4a9f82a9e5bb.jpg
2,/home/pi/Desktop/faceattendance/images_attendance/user_2/fd0acf18-162b-47a5-9d47-c5d67cc10df3.jpg
2,/home/pi/Desktop/faceattendance/images_attendance/user_2/QuangHai.jpg
2,/home/pi/Desktop/faceattendance/images_attendance/user_2/3e95a60a-9239-4617-8326-7bc9c2dc2fae.jpg
2,/home/pi/Desktop/faceattendance/images_attendance/user_2/c526c281-d346-4559-8df7-ce016c3615ed.jpg
3,/home/pi/Desktop/faceattendance/images_attendance/user_3/20250505_003421_813141.jpg
3,/home/pi/Desktop/faceattendance/images_attendance/user_3/20250622_012106_725800.jpg
3,/home/pi/Desktop/faceattendance/images_attendance/user_3/20250625_172714_533759.jpg
3,/home/pi/Desktop/faceattendance/images_attendance/user_3/20250505_104202_318600.jpg
3,/home/pi/Desktop/faceattendance/images_attendance/user_3/20250625_163058_660095.jpg
3,/home/pi/Desktop/faceattendance/images_attendance/user_3/20250622_014140_940388.jpg
3,/home/pi/Desktop/faceattendance/images_attendance/user_3/face_20250703_013502_282379_9.jpg
3,/home/pi/Desktop/faceattendance/images_attendance/user_3/face_20250703_014414_091404_0.jpg
3,/home/pi/Desktop/faceattendance/images_attendance/user_3/20250505_104202_322707.jpg
3,/home/pi/Desktop/faceattendance/images_attendance/user_3/20250625_174309_193160.jpg
3,/home/pi/Desktop/faceattendance/images_attendance/user_3/face_20250703_015252_116656_4.jpg
3,/home/pi/Desktop/faceattendance/images_attendance/user_3/20250622_013650_868680.jpg
3,/home/pi/Desktop/faceattendance/images_attendance/user_3/20250622_014705_943804.jpg
3,/home/pi/Desktop/faceattendance/images_attendance/user_3/20250622_112731_088783.jpg
3,/home/pi/Desktop/faceattendance/images_attendance/user_3/20250622_015734_880232.jpg
3,/home/pi/Desktop/faceattendance/images_attendance/user_3/20250622_014040_880676.jpg
3,/home/pi/Desktop/faceattendance/images_attendance/user_3/20250622_012831_594615.jpg
3,/home/pi/Desktop/faceattendance/images_attendance/user_3/20250622_112731_294855.jpg
3,/home/pi/Desktop/faceattendance/images_attendance/user_3/20250622_021215_881913.jpg
3,/home/pi/Desktop/faceattendance/images_attendance/user_3/20250622_122352_773854.jpg
3,/home/pi/Desktop/faceattendance/images_attendance/user_3/20250625_195337_815262.jpg
3,/home/pi/Desktop/faceattendance/images_attendance/user_3/20250622_133437_326938.jpg
3,/home/pi/Desktop/faceattendance/images_attendance/user_3/20250625_172714_534602.jpg
3,/home/pi/Desktop/faceattendance/images_attendance/user_3/20250622_014705_119835.jpg
3,/home/pi/Desktop/faceattendance/images_attendance/user_3/20250625_172714_532910.jpg
3,/home/pi/Desktop/faceattendance/images_attendance/user_3/20250622_112731_901644.jpg
3,/home/pi/Desktop/faceattendance/images_attendance/user_3/20250622_122350_892934.jpg
3,/home/pi/Desktop/faceattendance/images_attendance/user_3/20250622_015735_284505.jpg
3,/home/pi/Desktop/faceattendance/images_attendance/user_3/20250514_152636_880856.jpg
3,/home/pi/Desktop/faceattendance/images_attendance/user_3/20250505_105019_982332.jpg
3,/home/pi/Desktop/faceattendance/images_attendance/user_3/20250622_012831_020855.jpg
3,/home/pi/Desktop/faceattendance/images_attendance/user_3/face_20250703_013216_155117_6.jpg
3,/home/pi/Desktop/faceattendance/images_attendance/user_3/20250412_203751_696172.jpg
3,/home/pi/Desktop/faceattendance/images_attendance/user_3/20250622_013650_663746.jpg
3,/home/pi/Desktop/faceattendance/images_attendance/user_3/20250622_012830_790241.jpg
3,/home/pi/Desktop/faceattendance/images_attendance/user_3/20250621_042453_192171.jpg
3,/home/pi/Desktop/faceattendance/images_attendance/user_3/20250622_014041_296820.jpg
3,/home/pi/Desktop/faceattendance/images_attendance/user_3/20250505_003421_807115.jpg
3,/home/pi/Desktop/faceattendance/images_attendance/user_3/20250622_015733_421858.jpg
3,/home/pi/Desktop/faceattendance/images_attendance/user_3/20250513_112824_766048.jpg
3,/home/pi/Desktop/faceattendance/images_attendance/user_3/20250625_173952_062822.jpg
3,/home/pi/Desktop/faceattendance/images_attendance/user_3/20250622_014141_367977.jpg
3,/home/pi/Desktop/faceattendance/images_attendance/user_3/20250513_112824_748737.jpg
3,/home/pi/Desktop/faceattendance/images_attendance/user_3/20250505_104202_305569.jpg
3,/home/pi/Desktop/faceattendance/images_attendance/user_3/face_20250703_014414_105677_8.jpg
3,/home/pi/Desktop/faceattendance/images_attendance/user_3/20250513_223444_710755.jpg
3,/home/pi/Desktop/faceattendance/images_attendance/user_3/20250622_014041_500688.jpg
3,/home/pi/Desktop/faceattendance/images_attendance/user_3/face_4.jpg
3,/home/pi/Desktop/faceattendance/images_attendance/user_3/20250620_014512_178969.jpg
3,/home/pi/Desktop/faceattendance/images_attendance/user_3/20250622_012831_390593.jpg
3,/home/pi/Desktop/faceattendance/images_attendance/user_3/20250622_020809_713603.jpg
3,/home/pi/Desktop/faceattendance/images_attendance/user_3/20250514_152636_916579.jpg
3,/home/pi/Desktop/faceattendance/images_attendance/user_3/20250622_015734_270290.jpg
3,/home/pi/Desktop/faceattendance/images_attendance/user_3/face_20250703_015252_114030_2.jpg
3,/home/pi/Desktop/faceattendance/images_attendance/user_3/20250622_014042_517371.jpg
3,/home/pi/Desktop/faceattendance/images_attendance/user_3/20250622_122352_571446.jpg
3,/home/pi/Desktop/faceattendance/images_attendance/user_3/20250621_042453_183512.jpg
3,/home/pi/Desktop/faceattendance/images_attendance/user_3/20250622_020810_118553.jpg
3,/home/pi/Desktop/faceattendance/images_attendance/user_3/face_20250703_015252_119207_6.jpg
3,/home/pi/Desktop/faceattendance/images_attendance/user_3/20250625_174309_206141.jpg
3,/home/pi/Desktop/faceattendance/images_attendance/user_3/20250622_020809_916019.jpg
3,/home/pi/Desktop/faceattendance/images_attendance/user_3/20250622_014704_480528.jpg
3,/home/pi/Desktop/faceattendance/images_attendance/user_3/20250622_021217_885583.jpg
3,/home/pi/Desktop/faceattendance/images_attendance/user_3/face_20250703_013216_156340_7.jpg
3,/home/pi/Desktop/faceattendance/images_attendance/user_3/20250625_174309_198722.jpg
3,/home/pi/Desktop/faceattendance/images_attendance/user_3/20250621_042453_164999.jpg
3,/home/pi/Desktop/faceattendance/images_attendance/user_3/face_20250703_013216_143430_3.jpg
3,/home/pi/Desktop/faceattendance/images_attendance/user_3/face_20250703_013502_272213_1.jpg
3,/home/pi/Desktop/faceattendance/images_attendance/user_3/20250622_012106_519817.jpg
3,/home/pi/Desktop/faceattendance/images_attendance/user_3/20250622_015734_677722.jpg
3,/home/pi/Desktop/faceattendance/images_attendance/user_3/20250625_195337_845141.jpg
3,/home/pi/Desktop/faceattendance/images_attendance/user_3/20250622_133438_149101.jpg
3,/home/pi/Desktop/faceattendance/images_attendance/user_3/20250505_104202_330901.jpg
3,/home/pi/Desktop/faceattendance/images_attendance/user_3/20250514_152636_897117.jpg
3,/home/pi/Desktop/faceattendance/images_attendance/user_3/20250622_133437_532239.jpg
3,/home/pi/Desktop/faceattendance/images_attendance/user_3/face_20250703_013502_270774_0.jpg
3,/home/pi/Desktop/faceattendance/images_attendance/user_3/face_20250703_013502_281123_8.jpg
3,/home/pi/Desktop/faceattendance/images_attendance/user_3/20250625_172714_536259.jpg
3,/home/pi/Desktop/faceattendance/images_attendance/user_3/20250622_122352_368456.jpg
3,/home/pi/Desktop/faceattendance/images_attendance/user_3/20250505_105020_004539.jpg
3,/home/pi/Desktop/faceattendance/images_attendance/user_3/20250622_021216_953087.jpg
3,/home/pi/Desktop/faceattendance/images_attendance/user_3/face_20250703_013502_273522_2.jpg
3,/home/pi/Desktop/faceattendance/images_attendance/user_3/20250625_195337_850648.jpg
3,/home/pi/Desktop/faceattendance/images_attendance/user_3/20250625_173952_071474.jpg
3,/home/pi/Desktop/faceattendance/images_attendance/user_3/20250625_173952_070116.jpg
3,/home/pi/Desktop/faceattendance/images_attendance/user_3/20250620_014512_159312.jpg
3,/home/pi/Desktop/faceattendance/images_attendance/user_3/20250622_012832_002626.jpg
3,/home/pi/Desktop/faceattendance/images_attendance/user_3/20250505_003421_821659.jpg
3,/home/pi/Desktop/faceattendance/images_attendance/user_3/20250625_195337_853676.jpg
3,/home/pi/Desktop/faceattendance/images_attendance/user_3/20250622_015734_475473.jpg
3,/home/pi/Desktop/faceattendance/images_attendance/user_3/20250412_203751_682743.jpg
3,/home/pi/Desktop/faceattendance/images_attendance/user_3/20250514_152636_901205.jpg
3,/home/pi/Desktop/faceattendance/images_attendance/user_3/20250625_163058_650247.jpg
3,/home/pi/Desktop/faceattendance/images_attendance/user_3/20250622_020809_138576.jpg
3,/home/pi/Desktop/faceattendance/images_attendance/user_3/20250622_021215_645733.jpg
3,/home/pi/Desktop/faceattendance/images_attendance/user_3/20250625_173952_065929.jpg
3,/home/pi/Desktop/faceattendance/images_attendance/user_3/20250625_173952_067385.jpg
3,/home/pi/Desktop/faceattendance/images_attendance/user_3/face_20250703_013216_144662_4.jpg
3,/home/pi/Desktop/faceattendance/images_attendance/user_3/20250505_105019_973358.jpg
3,/home/pi/Desktop/faceattendance/images_attendance/user_3/20250622_014704_685953.jpg
3,/home/pi/Desktop/faceattendance/images_attendance/user_3/20250625_174309_195028.jpg
3,/home/pi/Desktop/faceattendance/images_attendance/user_3/20250622_013650_052433.jpg
3,/home/pi/Desktop/faceattendance/images_attendance/user_3/20250625_172714_530739.jpg
3,/home/pi/Desktop/faceattendance/images_attendance/user_3/20250505_003421_780567.jpg
3,/home/pi/Desktop/faceattendance/images_attendance/user_3/20250622_122351_955109.jpg
3,/home/pi/Desktop/faceattendance/images_attendance/user_3/20250622_015735_487158.jpg
3,/home/pi/Desktop/faceattendance/images_attendance/user_3/20250620_014512_192085.jpg
3,/home/pi/Desktop/faceattendance/images_attendance/user_3/20250621_042453_187851.jpg
3,/home/pi/Desktop/faceattendance/images_attendance/user_3/20250622_012832_818277.jpg
3,/home/pi/Desktop/faceattendance/images_attendance/user_3/20250513_112824_757195.jpg
3,/home/pi/Desktop/faceattendance/images_attendance/user_3/20250622_013651_273204.jpg
3,/home/pi/Desktop/faceattendance/images_attendance/user_3/20250622_014141_571809.jpg
3,/home/pi/Desktop/faceattendance/images_attendance/user_3/20250625_174309_207502.jpg
3,/home/pi/Desktop/faceattendance/images_attendance/user_3/20250505_104202_310322.jpg
3,/home/pi/Desktop/faceattendance/images_attendance/user_3/face_5.jpg
3,/home/pi/Desktop/faceattendance/images_attendance/user_3/20250621_042453_159885.jpg
3,/home/pi/Desktop/faceattendance/images_attendance/user_3/20250412_203751_664465.jpg
3,/home/pi/Desktop/faceattendance/images_attendance/user_3/face_20250703_014414_103230_6.jpg
3,/home/pi/Desktop/faceattendance/images_attendance/user_3/20250625_163058_610178.jpg
3,/home/pi/Desktop/faceattendance/images_attendance/user_3/20250622_014041_909066.jpg
3,/home/pi/Desktop/faceattendance/images_attendance/user_3/20250622_012104_701127.jpg
3,/home/pi/Desktop/faceattendance/images_attendance/user_3/20250513_223444_695451.jpg
3,/home/pi/Desktop/faceattendance/images_attendance/user_3/20250622_014142_179813.jpg
3,/home/pi/Desktop/faceattendance/images_attendance/user_3/20250513_223444_683729.jpg
3,/home/pi/Desktop/faceattendance/images_attendance/user_3/20250412_203751_679205.jpg
3,/home/pi/Desktop/faceattendance/images_attendance/user_3/20250505_003421_798147.jpg
3,/home/pi/Desktop/faceattendance/images_attendance/user_3/20250505_003421_802788.jpg
3,/home/pi/Desktop/faceattendance/images_attendance/user_3/20250625_163058_642597.jpg
3,/home/pi/Desktop/faceattendance/images_attendance/user_3/20250620_014512_195830.jpg
3,/home/pi/Desktop/faceattendance/images_attendance/user_3/20250625_195337_843477.jpg
3,/home/pi/Desktop/faceattendance/images_attendance/user_3/20250625_173952_064395.jpg
3,/home/pi/Desktop/faceattendance/images_attendance/user_3/20250513_223444_672846.jpg
3,/home/pi/Desktop/faceattendance/images_attendance/user_3/20250621_042453_179158.jpg
3,/home/pi/Desktop/faceattendance/images_attendance/user_3/face_2.jpg
3,/home/pi/Desktop/faceattendance/images_attendance/user_3/20250622_021217_480807.jpg
3,/home/pi/Desktop/faceattendance/images_attendance/user_3/20250622_122351_751622.jpg
3,/home/pi/Desktop/faceattendance/images_attendance/user_3/face_20250703_014414_102003_5.jpg
3,/home/pi/Desktop/faceattendance/images_attendance/user_3/face_20250703_013502_274829_3.jpg
3,/home/pi/Desktop/faceattendance/images_attendance/user_3/face_20250703_013216_135840_0.jpg
3,/home/pi/Desktop/faceattendance/images_attendance/user_3/20250622_133437_945827.jpg
3,/home/pi/Desktop/faceattendance/images_attendance/user_3/20250505_104202_334931.jpg
3,/home/pi/Desktop/faceattendance/images_attendance/user_3/20250505_105019_995660.jpg
3,/home/pi/Desktop/faceattendance/images_attendance/user_3/20250625_163058_655198.jpg
3,/home/pi/Desktop/faceattendance/images_attendance/user_3/20250622_012831_797598.jpg
3,/home/pi/Desktop/faceattendance/images_attendance/user_3/20250625_173952_068766.jpg
3,/home/pi/Desktop/faceattendance/images_attendance/user_3/20250622_122352_976023.jpg
3,/home/pi/Desktop/faceattendance/images_attendance/user_3/20250514_152636_905297.jpg
3,/home/pi/Desktop/faceattendance/images_attendance/user_3/face_0.jpg
3,/home/pi/Desktop/faceattendance/images_attendance/user_3/20250514_152636_885124.jpg
3,/home/pi/Desktop/faceattendance/images_attendance/user_3/20250513_112824_726804.jpg
3,/home/pi/Desktop/faceattendance/images_attendance/user_3/20250513_112824_752882.jpg
3,/home/pi/Desktop/faceattendance/images_attendance/user_3/20250625_163058_645251.jpg
3,/home/pi/Desktop/faceattendance/images_attendance/user_3/20250622_014141_165979.jpg
3,/home/pi/Desktop/faceattendance/images_attendance/user_3/20250621_042453_200751.jpg
3,/home/pi/Desktop/faceattendance/images_attendance/user_3/20250514_152636_909144.jpg
3,/home/pi/Desktop/faceattendance/images_attendance/user_3/20250513_223444_703113.jpg
3,/home/pi/Desktop/faceattendance/images_attendance/user_3/20250622_013651_071293.jpg
3,/home/pi/Desktop/faceattendance/images_attendance/user_3/20250622_014142_384458.jpg
3,/home/pi/Desktop/faceattendance/images_attendance/user_3/20250625_195337_846561.jpg
3,/home/pi/Desktop/faceattendance/images_attendance/user_3/face_9.jpg
3,/home/pi/Desktop/faceattendance/images_attendance/user_3/20250622_021217_683159.jpg
3,/home/pi/Desktop/faceattendance/images_attendance/user_3/face_7.jpg
3,/home/pi/Desktop/faceattendance/images_attendance/user_3/20250621_042453_170387.jpg
3,/home/pi/Desktop/faceattendance/images_attendance/user_3/20250622_020808_099703.jpg
3,/home/pi/Desktop/faceattendance/images_attendance/user_3/20250513_112824_744462.jpg
3,/home/pi/Desktop/faceattendance/images_attendance/user_3/20250513_223444_687710.jpg
3,/home/pi/Desktop/faceattendance/images_attendance/user_3/20250622_014705_527518.jpg
3,/home/pi/Desktop/faceattendance/images_attendance/user_3/face_20250703_015252_122991_9.jpg
3,/home/pi/Desktop/faceattendance/images_attendance/user_3/20250625_173952_072846.jpg
3,/home/pi/Desktop/faceattendance/images_attendance/user_3/20250513_112824_761445.jpg
3,/home/pi/Desktop/faceattendance/images_attendance/user_3/20250622_012832_614945.jpg
3,/home/pi/Desktop/faceattendance/images_attendance/user_3/20250622_012105_702983.jpg
3,/home/pi/Desktop/faceattendance/images_attendance/user_3/20250622_021216_542866.jpg
3,/home/pi/Desktop/faceattendance/images_attendance/user_3/20250622_012832_206262.jpg
3,/home/pi/Desktop/faceattendance/images_attendance/user_3/face_20250703_015252_117942_5.jpg
3,/home/pi/Desktop/faceattendance/images_attendance/user_3/20250622_012105_906950.jpg
3,/home/pi/Desktop/faceattendance/images_attendance/user_3/20250625_163058_638032.jpg
3,/home/pi/Desktop/faceattendance/images_attendance/user_3/20250622_112731_497548.jpg
3,/home/pi/Desktop/faceattendance/images_attendance/user_3/20250622_014704_035370.jpg
3,/home/pi/Desktop/faceattendance/images_attendance/user_3/20250622_021216_340261.jpg
3,/home/pi/Desktop/faceattendance/images_attendance/user_3/20250625_195337_848808.jpg
3,/home/pi/Desktop/faceattendance/images_attendance/user_3/20250622_013649_721059.jpg
3,/home/pi/Desktop/faceattendance/images_attendance/user_3/20250505_003421_817593.jpg
3,/home/pi/Desktop/faceattendance/images_attendance/user_3/20250620_014512_169275.jpg
3,/home/pi/Desktop/faceattendance/images_attendance/user_3/20250622_012106_931436.jpg
3,/home/pi/Desktop/faceattendance/images_attendance/user_3/20250625_195337_855076.jpg
3,/home/pi/Desktop/faceattendance/images_attendance/user_3/face_20250703_014414_097003_1.jpg
3,/home/pi/Desktop/faceattendance/images_attendance/user_3/face_20250703_014414_104453_7.jpg
3,/home/pi/Desktop/faceattendance/images_attendance/user_3/20250622_112730_270882.jpg
3,/home/pi/Desktop/faceattendance/images_attendance/user_3/face_20250703_013502_278631_6.jpg
3,/home/pi/Desktop/faceattendance/images_attendance/user_3/face_1.jpg
3,/home/pi/Desktop/faceattendance/images_attendance/user_3/20250625_174309_203384.jpg
3,/home/pi/Desktop/faceattendance/images_attendance/user_3/20250622_112730_045680.jpg
3,/home/pi/Desktop/faceattendance/images_attendance/user_3/face_20250703_013502_277358_5.jpg
3,/home/pi/Desktop/faceattendance/images_attendance/user_3/20250622_013650_255705.jpg
3,/home/pi/Desktop/faceattendance/images_attendance/user_3/20250625_163058_647734.jpg
3,/home/pi/Desktop/faceattendance/images_attendance/user_3/20250622_020809_510300.jpg
3,/home/pi/Desktop/faceattendance/images_attendance/user_3/20250622_013649_451199.jpg
3,/home/pi/Desktop/faceattendance/images_attendance/user_3/20250622_012106_111567.jpg
3,/home/pi/Desktop/faceattendance/images_attendance/user_3/face_20250703_013216_162797_9.jpg
3,/home/pi/Desktop/faceattendance/images_attendance/user_3/20250505_105020_008859.jpg
3,/home/pi/Desktop/faceattendance/images_attendance/user_3/20250620_014512_152435.jpg
3,/home/pi/Desktop/faceattendance/images_attendance/user_3/face_6.jpg
3,/home/pi/Desktop/faceattendance/images_attendance/user_3/20250625_173952_074196.jpg
3,/home/pi/Desktop/faceattendance/images_attendance/user_3/20250513_112824_731403.jpg
3,/home/pi/Desktop/faceattendance/images_attendance/user_3/20250514_152636_893622.jpg
3,/home/pi/Desktop/faceattendance/images_attendance/user_3/20250622_014141_774006.jpg
3,/home/pi/Desktop/faceattendance/images_attendance/user_3/20250505_105020_000231.jpg
3,/home/pi/Desktop/faceattendance/images_attendance/user_3/20250622_021216_745032.jpg
3,/home/pi/Desktop/faceattendance/images_attendance/user_3/face_20250703_015252_115341_3.jpg
3,/home/pi/Desktop/faceattendance/images_attendance/user_3/20250622_015733_641030.jpg
3,/home/pi/Desktop/faceattendance/images_attendance/user_3/20250622_133438_558933.jpg
3,/home/pi/Desktop/faceattendance/images_attendance/user_3/20250513_112824_740228.jpg
3,/home/pi/Desktop/faceattendance/images_attendance/user_3/20250513_223444_691615.jpg
3,/home/pi/Desktop/faceattendance/images_attendance/user_3/20250622_014042_314428.jpg
3,/home/pi/Desktop/faceattendance/images_attendance/user_3/20250412_203751_656688.jpg
3,/home/pi/Desktop/faceattendance/images_attendance/user_3/20250620_014512_174132.jpg
3,/home/pi/Desktop/faceattendance/images_attendance/user_3/20250622_133436_468881.jpg
3,/home/pi/Desktop/faceattendance/images_attendance/user_3/20250625_172714_527959.jpg
3,/home/pi/Desktop/faceattendance/images_attendance/user_3/face_20250703_013216_142191_2.jpg
3,/home/pi/Desktop/faceattendance/images_attendance/user_3/20250622_014704_252703.jpg
3,/home/pi/Desktop/faceattendance/images_attendance/user_3/face_20250703_013216_140922_1.jpg
3,/home/pi/Desktop/faceattendance/images_attendance/user_3/20250505_104202_290777.jpg
3,/home/pi/Desktop/faceattendance/images_attendance/user_3/20250625_172714_526498.jpg
3,/home/pi/Desktop/faceattendance/images_attendance/user_3/20250622_014041_705731.jpg
3,/home/pi/Desktop/faceattendance/images_attendance/user_3/20250505_105019_968738.jpg
3,/home/pi/Desktop/faceattendance/images_attendance/user_3/face_20250703_015252_121700_8.jpg
3,/home/pi/Desktop/faceattendance/images_attendance/user_3/face_20250703_015252_112693_1.jpg
3,/home/pi/Desktop/faceattendance/images_attendance/user_3/20250412_203751_675750.jpg
3,/home/pi/Desktop/faceattendance/images_attendance/user_3/20250622_013651_475507.jpg
3,/home/pi/Desktop/faceattendance/images_attendance/user_3/20250622_014704_917475.jpg
3,/home/pi/Desktop/faceattendance/images_attendance/user_3/20250622_021217_278485.jpg
3,/home/pi/Desktop/faceattendance/images_attendance/user_3/20250513_223444_706941.jpg
3,/home/pi/Desktop/faceattendance/images_attendance/user_3/20250622_012105_499047.jpg
3,/home/pi/Desktop/faceattendance/images_attendance/user_3/20250622_014042_111868.jpg
3,/home/pi/Desktop/faceattendance/images_attendance/user_3/HoangLinh.jpg
3,/home/pi/Desktop/faceattendance/images_attendance/user_3/20250622_015734_067685.jpg
3,/home/pi/Desktop/faceattendance/images_attendance/user_3/20250625_174309_202014.jpg
3,/home/pi/Desktop/faceattendance/images_attendance/user_3/20250622_133436_693843.jpg
3,/home/pi/Desktop/faceattendance/images_attendance/user_3/20250625_172714_535439.jpg
3,/home/pi/Desktop/faceattendance/images_attendance/user_3/face_3.jpg
3,/home/pi/Desktop/faceattendance/images_attendance/user_3/20250625_172714_537099.jpg
3,/home/pi/Desktop/faceattendance/images_attendance/user_3/20250622_020808_528273.jpg
3,/home/pi/Desktop/faceattendance/images_attendance/user_3/face_8.jpg
3,/home/pi/Desktop/faceattendance/images_attendance/user_3/20250412_203751_458930.jpg
3,/home/pi/Desktop/faceattendance/images_attendance/user_3/20250625_173952_061081.jpg
3,/home/pi/Desktop/faceattendance/images_attendance/user_3/20250625_174309_200610.jpg
3,/home/pi/Desktop/faceattendance/images_attendance/user_3/face_20250703_014414_100772_4.jpg
3,/home/pi/Desktop/faceattendance/images_attendance/user_3/20250625_174309_196584.jpg
3,/home/pi/Desktop/faceattendance/images_attendance/user_3/20250622_020807_895182.jpg
3,/home/pi/Desktop/faceattendance/images_attendance/user_3/20250514_152636_912801.jpg
3,/home/pi/Desktop/faceattendance/images_attendance/user_3/20250622_014705_322234.jpg
3,/home/pi/Desktop/faceattendance/images_attendance/user_3/20250621_042453_196467.jpg
3,/home/pi/Desktop/faceattendance/images_attendance/user_3/20250625_163058_652792.jpg
3,/home/pi/Desktop/faceattendance/images_attendance/user_3/20250622_133437_123556.jpg
3,/home/pi/Desktop/faceattendance/images_attendance/user_3/20250622_112730_886451.jpg
3,/home/pi/Desktop/faceattendance/images_attendance/user_3/20250505_003421_794466.jpg
3,/home/pi/Desktop/faceattendance/images_attendance/user_3/20250622_014040_672314.jpg
3,/home/pi/Desktop/faceattendance/images_attendance/user_3/20250625_174309_204785.jpg
3,/home/pi/Desktop/faceattendance/images_attendance/user_3/20250513_223444_714579.jpg
3,/home/pi/Desktop/faceattendance/images_attendance/user_3/20250622_014140_737749.jpg
3,/home/pi/Desktop/faceattendance/images_attendance/user_3/face_20250703_013216_157561_8.jpg
3,/home/pi/Desktop/faceattendance/images_attendance/user_3/face_20250703_013502_279880_7.jpg
3,/home/pi/Desktop/faceattendance/images_attendance/user_3/20250625_195337_852143.jpg
3,/home/pi/Desktop/faceattendance/images_attendance/user_3/face_20250703_013216_153902_5.jpg
3,/home/pi/Desktop/faceattendance/images_attendance/user_3/20250622_012106_314891.jpg
3,/home/pi/Desktop/faceattendance/images_attendance/user_3/20250505_104202_314496.jpg
3,/home/pi/Desktop/faceattendance/images_attendance/user_3/20250505_105019_986801.jpg
3,/home/pi/Desktop/faceattendance/images_attendance/user_3/20250622_013650_461583.jpg
3,/home/pi/Desktop/faceattendance/images_attendance/user_3/20250412_203751_623925.jpg
3,/home/pi/Desktop/faceattendance/images_attendance/user_3/face_20250703_013502_276094_4.jpg
3,/home/pi/Desktop/faceattendance/images_attendance/user_3/20250622_015735_082088.jpg
3,/home/pi/Desktop/faceattendance/images_attendance/user_3/20250622_014705_736621.jpg
3,/home/pi/Desktop/faceattendance/images_attendance/user_3/20250513_112824_735729.jpg
3,/home/pi/Desktop/faceattendance/images_attendance/user_3/20250622_112732_103764.jpg
3,/home/pi/Desktop/faceattendance/images_attendance/user_3/face_20250703_014414_098270_2.jpg
3,/home/pi/Desktop/faceattendance/images_attendance/user_3/20250505_104202_300705.jpg
3,/home/pi/Desktop/faceattendance/images_attendance/user_3/20250505_003421_810130.jpg
3,/home/pi/Desktop/faceattendance/images_attendance/user_3/20250620_014512_183730.jpg
3,/home/pi/Desktop/faceattendance/images_attendance/user_3/20250505_105019_977828.jpg
3,/home/pi/Desktop/faceattendance/images_attendance/user_3/20250622_014042_723497.jpg
3,/home/pi/Desktop/faceattendance/images_attendance/user_3/20250620_014512_188309.jpg
3,/home/pi/Desktop/faceattendance/images_attendance/user_3/20250622_010706_780626.jpg
3,/home/pi/Desktop/faceattendance/images_attendance/user_3/20250622_122351_549414.jpg
3,/home/pi/Desktop/faceattendance/images_attendance/user_3/20250513_223444_699276.jpg
3,/home/pi/Desktop/faceattendance/images_attendance/user_3/20250622_112730_684154.jpg
3,/home/pi/Desktop/faceattendance/images_attendance/user_3/20250622_020808_935893.jpg
3,/home/pi/Desktop/faceattendance/images_attendance/user_3/20250621_042453_174765.jpg
3,/home/pi/Desktop/faceattendance/images_attendance/user_3/face_20250703_014414_099533_3.jpg
3,/home/pi/Desktop/faceattendance/images_attendance/user_3/20250625_195337_841903.jpg
3,/home/pi/Desktop/faceattendance/images_attendance/user_3/20250622_122351_100476.jpg
3,/home/pi/Desktop/faceattendance/images_attendance/user_3/20250514_152636_889341.jpg
3,/home/pi/Desktop/faceattendance/images_attendance/user_3/20250412_203751_645680.jpg
3,/home/pi/Desktop/faceattendance/images_attendance/user_3/20250505_105019_991140.jpg
3,/home/pi/Desktop/faceattendance/images_attendance/user_3/20250622_014140_514751.jpg
3,/home/pi/Desktop/faceattendance/images_attendance/user_3/20250622_133437_739081.jpg
3,/home/pi/Desktop/faceattendance/images_attendance/user_3/face_20250703_015252_110601_0.jpg
3,/home/pi/Desktop/faceattendance/images_attendance/user_3/20250622_112731_699297.jpg
3,/home/pi/Desktop/faceattendance/images_attendance/user_3/20250412_203751_670877.jpg
3,/home/pi/Desktop/faceattendance/images_attendance/user_3/20250622_020808_730827.jpg
3,/home/pi/Desktop/faceattendance/images_attendance/user_3/face_20250703_014414_106921_9.jpg
3,/home/pi/Desktop/faceattendance/images_attendance/user_3/20250505_003421_825182.jpg
3,/home/pi/Desktop/faceattendance/images_attendance/user_3/20250625_172714_531907.jpg
3,/home/pi/Desktop/faceattendance/images_attendance/user_3/20250620_014512_164229.jpg
3,/home/pi/Desktop/faceattendance/images_attendance/user_3/face_20250703_015252_120454_7.jpg
3,/home/pi/Desktop/faceattendance/images_attendance/user_3/20250622_122352_159300.jpg
3,/home/pi/Desktop/faceattendance/images_attendance/user_3/20250622_012832_411526.jpg
3,/home/pi/Desktop/faceattendance/images_attendance/user_3/20250622_133438_354273.jpg
3,/home/pi/Desktop/faceattendance/images_attendance/user_3/20250622_012105_295566.jpg
3,/home/pi/Desktop/faceattendance/images_attendance/user_3/20250625_163058_657711.jpg
3,/home/pi/Desktop/faceattendance/images_attendance/user_3/20250505_104202_326838.jpg
3,/home/pi/Desktop/faceattendance/images_attendance/user_3/20250622_014141_977096.jpg
4,/home/pi/Desktop/faceattendance/images_attendance/user_4/71e972e9-7d35-45d1-9f54-4aa31e7471c6.jpg
4,/home/pi/Desktop/faceattendance/images_attendance/user_4/1de0fc14-ba87-470e-94ec-c8471f7e9b28.jpg
4,/home/pi/Desktop/faceattendance/images_attendance/user_4/65159b75-cbdc-47f7-83df-c2d85515f221.jpg
4,/home/pi/Desktop/faceattendance/images_attendance/user_4/HongNga.jpg
4,/home/pi/Desktop/faceattendance/images_attendance/user_4/b06f0794-18bf-4ff8-89f2-a17e2a243f64.jpg
4,/home/pi/Desktop/faceattendance/images_attendance/user_4/a0438fdf-5be5-4eb6-a16f-07e78381f785.jpg
4,/home/pi/Desktop/faceattendance/images_attendance/user_4/8c46bfc9-08b8-49f6-9d78-cbab3556d5fa.jpg
4,/home/pi/Desktop/faceattendance/images_attendance/user_4/29d7f130-1646-40ff-a1f8-11864af255a4.jpg
4,/home/pi/Desktop/faceattendance/images_attendance/user_4/2f05400c-3bc4-4636-88fc-537d94aba4d3.jpg
4,/home/pi/Desktop/faceattendance/images_attendance/user_4/b237a6fd-9538-4b00-9bde-47865ecacd79.jpg
4,/home/pi/Desktop/faceattendance/images_attendance/user_4/d66b31bb-eb71-4dc3-a03c-3fcaafcf6ac5.jpg
4,/home/pi/Desktop/faceattendance/images_attendance/user_4/760ac27b-c9d8-4f98-b69d-0b2bd9606ab2.jpg
4,/home/pi/Desktop/faceattendance/images_attendance/user_4/59a96aa5-dfb7-4cd0-afd6-361324d813e9.jpg
4,/home/pi/Desktop/faceattendance/images_attendance/user_4/56f8b2b7-9e7d-4e9e-bda7-c2f37b28985a.jpg
5,/home/pi/Desktop/faceattendance/images_attendance/user_5/20250623_141121_176661.jpg
5,/home/pi/Desktop/faceattendance/images_attendance/user_5/20250623_141121_170684.jpg
5,/home/pi/Desktop/faceattendance/images_attendance/user_5/20250623_141121_166032.jpg
5,/home/pi/Desktop/faceattendance/images_attendance/user_5/20250623_141121_175296.jpg
5,/home/pi/Desktop/faceattendance/images_attendance/user_5/20250623_141121_178131.jpg
5,/home/pi/Desktop/faceattendance/images_attendance/user_5/20250623_141121_169287.jpg
5,/home/pi/Desktop/faceattendance/images_attendance/user_5/20250623_141121_173871.jpg
5,/home/pi/Desktop/faceattendance/images_attendance/user_5/20250623_141121_167822.jpg
5,/home/pi/Desktop/faceattendance/images_attendance/user_5/20250623_141121_147698.jpg
5,/home/pi/Desktop/faceattendance/images_attendance/user_5/20250623_141121_172438.jpg
6,/home/pi/Desktop/faceattendance/images_attendance/user_6/20250505_220952_707868.jpg
6,/home/pi/Desktop/faceattendance/images_attendance/user_6/20250505_220952_693790.jpg
6,/home/pi/Desktop/faceattendance/images_attendance/user_6/20250505_220952_699285.jpg
6,/home/pi/Desktop/faceattendance/images_attendance/user_6/20250505_220952_711961.jpg
6,/home/pi/Desktop/faceattendance/images_attendance/user_6/20250505_220952_720514.jpg
6,/home/pi/Desktop/faceattendance/images_attendance/user_6/20250505_220952_681380.jpg
6,/home/pi/Desktop/faceattendance/images_attendance/user_6/20250505_220952_689616.jpg
6,/home/pi/Desktop/faceattendance/images_attendance/user_6/20250505_220952_685559.jpg
6,/home/pi/Desktop/faceattendance/images_attendance/user_6/20250505_220952_703705.jpg
6,/home/pi/Desktop/faceattendance/images_attendance/user_6/20250505_220952_716165.jpg
